{"display":"MIRAI.378541.001","product":"mirai","device":"mirai","board":"mirai","model":"mirai","finger_print":"mamoe/mirai/mirai:10/MIRAI.200122.001/5782767:user/release-keys","boot_id":"d353a8dc-0ffa-e561-a2cb-e60611e05da4","proc_version":"Linux version 3.0.31-1I2u0NwM (android-build@xxx.xxx.xxx.xxx.com)","protocol":2,"imei":"220655714479954","brand":"mamoe","bootloader":"unknown","base_band":"","version":{"incremental":"5891938","release":"10","codename":"REL","sdk":29},"sim_info":"T-Mobile","os_type":"android","mac_address":"00:50:56:C0:00:08","ip_address":[10,0,1,3],"wifi_bssid":"00:50:56:C0:00:08","wifi_ssid":"\u003cunknown ssid\u003e","imsi_md5":"62c7643261492eb3f38019df1dd5d1e4","android_id":"bff947f8e5610ce6","apn":"wifi","vendor_name":"MIUI","vendor_os_name":"mirai"}